<?xml version="1.0" encoding="UTF-8"?>
<project-private xmlns="http://www.netbeans.org/ns/project-private/1">
    <editor-bookmarks xmlns="http://www.netbeans.org/ns/editor-bookmarks/2" lastBookmarkId="0"/>
    <open-files xmlns="http://www.netbeans.org/ns/projectui-open-files/2">
        <group>
            <file>file:/D:/PC/Documents/GitHub/School/CSCI%20II/lab09_Jacob_Huesman/src/lab09_jacob_huesman/Entry.java</file>
            <file>file:/D:/PC/Documents/GitHub/School/CSCI%20II/lab09_Jacob_Huesman/src/lab09_jacob_huesman/Client.java</file>
            <file>file:/D:/PC/Documents/GitHub/School/CSCI%20II/lab09_Jacob_Huesman/src/lab09_jacob_huesman/PriorityQueue.java</file>
            <file>file:/D:/PC/Documents/GitHub/School/CSCI%20II/lab09_Jacob_Huesman/src/lab09_jacob_huesman/AbstractPriorityQueue.java</file>
            <file>file:/D:/PC/Documents/GitHub/School/CSCI%20II/lab09_Jacob_Huesman/src/lab09_jacob_huesman/DefaultComparator.java</file>
            <file>file:/D:/PC/Documents/GitHub/School/CSCI%20II/lab09_Jacob_Huesman/src/lab09_jacob_huesman/HeapPriorityQueue.java</file>
            <file>file:/D:/PC/Documents/GitHub/School/CSCI%20II/lab09_Jacob_Huesman/src/lab09_jacob_huesman/Value.java</file>
            <file>file:/D:/PC/Documents/GitHub/School/CSCI%20II/lab09_Jacob_Huesman/src/lab09_jacob_huesman/Key.java</file>
        </group>
    </open-files>
</project-private>
