<?xml version="1.0" encoding="UTF-8"?>
<project-private xmlns="http://www.netbeans.org/ns/project-private/1">
    <editor-bookmarks xmlns="http://www.netbeans.org/ns/editor-bookmarks/2" lastBookmarkId="0"/>
    <open-files xmlns="http://www.netbeans.org/ns/projectui-open-files/2">
        <group>
            <file>file:/D:/PC/Documents/GitHub/School/CSCI%20II/lab08_Jacob_Huesman/src/Tree/PositionalList.java</file>
            <file>file:/D:/PC/Documents/GitHub/School/CSCI%20II/lab08_Jacob_Huesman/src/GFile/FilePath.java</file>
            <file>file:/D:/PC/Documents/GitHub/School/CSCI%20II/lab08_Jacob_Huesman/src/Tree/AbstractTree.java</file>
            <file>file:/D:/PC/Documents/GitHub/School/CSCI%20II/lab08_Jacob_Huesman/src/Tree/LinkedPositionalList.java</file>
            <file>file:/D:/PC/Documents/GitHub/School/CSCI%20II/lab08_Jacob_Huesman/src/Tree/Tree.java</file>
            <file>file:/D:/PC/Documents/GitHub/School/CSCI%20II/lab08_Jacob_Huesman/src/GFile/UI.java</file>
            <file>file:/D:/PC/Documents/GitHub/School/CSCI%20II/lab08_Jacob_Huesman/src/Tree/Expression.java</file>
            <file>file:/D:/PC/Documents/GitHub/School/CSCI%20II/lab08_Jacob_Huesman/src/Tree/BinaryTree.java</file>
            <file>file:/D:/PC/Documents/GitHub/School/CSCI%20II/lab08_Jacob_Huesman/src/GFile/GFile.java</file>
            <file>file:/D:/PC/Documents/GitHub/School/CSCI%20II/lab08_Jacob_Huesman/src/Tree/AbstractBinaryTree.java</file>
            <file>file:/D:/PC/Documents/GitHub/School/CSCI%20II/lab08_Jacob_Huesman/src/Arithmetic/Arithmetic.java</file>
            <file>file:/D:/PC/Documents/GitHub/School/CSCI%20II/lab08_Jacob_Huesman/src/Arithmetic/EvaluateBinaryTree.java</file>
            <file>file:/D:/PC/Documents/GitHub/School/CSCI%20II/lab08_Jacob_Huesman/src/Tree/Position.java</file>
            <file>file:/D:/PC/Documents/GitHub/School/CSCI%20II/lab08_Jacob_Huesman/src/Tree/LinkedBinaryTree.java</file>
            <file>file:/D:/PC/Documents/GitHub/School/CSCI%20II/lab08_Jacob_Huesman/src/Stack/LinkedStack.java</file>
        </group>
    </open-files>
</project-private>
