<?xml version="1.0" encoding="UTF-8"?>
<project-private xmlns="http://www.netbeans.org/ns/project-private/1">
    <editor-bookmarks xmlns="http://www.netbeans.org/ns/editor-bookmarks/2" lastBookmarkId="0"/>
    <open-files xmlns="http://www.netbeans.org/ns/projectui-open-files/2">
        <group>
            <file>file:/F:/NetBeans%20Projects/lab02/lab02/src/lab02/TestScores.java</file>
            <file>file:/F:/NetBeans%20Projects/lab02/lab02/src/lab02/Bag.java</file>
            <file>file:/F:/NetBeans%20Projects/lab02/lab02/src/lab02/Scores.java</file>
        </group>
        <group name="Arduino">
            <file>file:/G:/NetBeans%20Projects/lab02/lab02/src/lab02/Scores.java</file>
            <file>file:/G:/NetBeans%20Projects/lab02/lab02/src/lab02/Bag.java</file>
            <file>file:/G:/NetBeans%20Projects/lab02/lab02/src/lab02/TestScores.java</file>
        </group>
    </open-files>
</project-private>
