<?xml version="1.0" encoding="UTF-8"?>
<project-private xmlns="http://www.netbeans.org/ns/project-private/1">
    <editor-bookmarks xmlns="http://www.netbeans.org/ns/editor-bookmarks/2" lastBookmarkId="0"/>
    <open-files xmlns="http://www.netbeans.org/ns/projectui-open-files/2">
        <group>
            <file>file:/D:/PC/Documents/GitHub/School/CSCI%20II/lab10_Jacob_Huesman/src/Employee/Employee.java</file>
            <file>file:/D:/PC/Documents/GitHub/School/CSCI%20II/lab10_Jacob_Huesman/src/DataStructures/SinglyLinkedList.java</file>
            <file>file:/D:/PC/Documents/GitHub/School/CSCI%20II/lab10_Jacob_Huesman/src/Client/Part2.java</file>
            <file>file:/D:/PC/Documents/GitHub/School/CSCI%20II/lab10_Jacob_Huesman/src/Sort/Sort.java</file>
            <file>file:/D:/PC/Documents/GitHub/School/CSCI%20II/lab10_Jacob_Huesman/src/DataStructures/LinkedQueue.java</file>
            <file>file:/D:/PC/Documents/GitHub/School/CSCI%20II/lab10_Jacob_Huesman/src/DataStructures/Queue.java</file>
            <file>file:/D:/PC/Documents/GitHub/School/CSCI%20II/lab10_Jacob_Huesman/src/Client/Part1.java</file>
        </group>
    </open-files>
</project-private>
